{
  "provider": "claude",
  "responses": [
    {
      "iteration": 1,
      "content": "2. AI 디바이스 헬스 예측 및 자가 치유 시스템 배터리 열화, 스토리지 단편화, 앱 충돌 패턴 등을 지속적으로 모니터링하여 고장이나 성능 저하를 사전에 예측하고, 캐시 정리·백그라운드 프로세스 최적화·악성 앱 격리 등의 조치를 자율적으로 수행하는 시스템입니다.\nClaude는 AI이며 실수할 수 있습니다. 응답을 다시 한번 확인해 주세요.",
      "length": 191,
      "hash": "d542a54b0a474ab0a3b3be954d5a3031"
    },
    {
      "iteration": 2,
      "content": "2. AI 기반 디바이스 자가 진단 및 예방 정비 시스템 배터리 열화 패턴, 스토리지 단편화, 앱 충돌 로그 등을 지속적으로 학습하여 장애를 사전에 예측하고, 최적화 조치를 자동 수행하거나 사용자에게 교체·수리 시점을 선제적으로 안내하는 시스템입니다.\nClaude는 AI이며 실수할 수 있습니다. 응답을 다시 한번 확인해 주세요.",
      "length": 184,
      "hash": "eca02c45d7994d5bf00657a51d62b81e"
    },
    {
      "iteration": 3,
      "content": "추가 사용량 지출 한도에 도달했습니다 ∙ 한도는 화요일 오전 11:00에 재설정됩니다\nClaude는 AI이며 실수할 수 있습니다. 응답을 다시 한번 확인해 주세요.",
      "length": 91,
      "hash": "638497e966596b922ce42c3bfddf5abd"
    }
  ],
  "errors": [],
  "similarities": [
    {
      "length_similarity": 0.9633507853403142,
      "jaccard_similarity": 0.4426229508196721,
      "character_match": 0.11413043478260869,
      "hash_match": 0.0,
      "overall": 0.4039584678307143
    },
    {
      "length_similarity": 0.4945652173913043,
      "jaccard_similarity": 0.18181818181818182,
      "character_match": 0.04395604395604396,
      "hash_match": 0.0,
      "overall": 0.1848271293923468
    }
  ],
  "avg_similarity": {
    "length": 0.7289580013658092,
    "jaccard": 0.312220566318927,
    "character": 0.07904323936932632,
    "hash": 0.0,
    "overall": 0.29439279861153056
  }
}