{
  "provider": "perplexity",
  "responses": [
    {
      "iteration": 1,
      "content": "디지털 웰빙 코치 시스템: AI가 사용자의 앱 사용 습관과 생체 신호(심박수, 수면 패턴 등)를 종합 분석해 “집중 모드 제안”, “휴식 타이밍 알림” 등 개인별 디지털 밸런스를 조정해주는 건강 관리형 스마트폰 매니저입니다.",
      "length": 125,
      "hash": "2af7a0e5bb0690193eb37ed783530aa0"
    },
    {
      "iteration": 2,
      "content": "디지털 웰빙 코치 – 사용자의 감정 톤(음성, 텍스트, 얼굴 표정)을 분석해 스트레스나 피로 상태를 감지하고, 적절한 알림 제한·휴식 음악·호흡 가이드 등을 실시간으로 제안하는 개인 맞춤형 스마트폰 관리 도우미.",
      "length": 118,
      "hash": "9c27693588a20539c0e82e792a3ccbd1"
    },
    {
      "iteration": 3,
      "content": "감정 인식 스마트 인터페이스: 카메라와 음성 톤을 통해 사용자의 감정 상태를 인식하고, 그에 맞춰 화면 밝기·알림 빈도·음악 추천 등 스마트폰 환경을 자동 조정하는 개인화 감정 대응 시스템.",
      "length": 106,
      "hash": "8135d40964184c74ae5256add3d774d5"
    }
  ],
  "errors": [],
  "similarities": [
    {
      "length_similarity": 0.944,
      "jaccard_similarity": 0.11538461538461539,
      "character_match": 0.1271186440677966,
      "hash_match": 0.0,
      "overall": 0.2730894393741851
    },
    {
      "length_similarity": 0.8983050847457628,
      "jaccard_similarity": 0.08163265306122448,
      "character_match": 0.11320754716981132,
      "hash_match": 0.0,
      "overall": 0.24627634232458576
    }
  ],
  "avg_similarity": {
    "length": 0.9211525423728814,
    "jaccard": 0.09850863422291994,
    "character": 0.12016309561880396,
    "hash": 0.0,
    "overall": 0.25968289084938545
  }
}